kappa,regime,avalanche_size,avalanche_duration
0.5,subcritical,2,2
0.5,subcritical,3,2
0.5,subcritical,19,2
0.5,subcritical,1,2
0.5,subcritical,4,5
0.5,subcritical,22,11
0.5,subcritical,2,6
0.5,subcritical,13,1
0.5,subcritical,5,1
0.5,subcritical,8,2
0.5,subcritical,2,1
0.5,subcritical,3,1
0.5,subcritical,2,4
0.5,subcritical,12,3
0.5,subcritical,1,4
0.5,subcritical,3,1
0.5,subcritical,5,16
0.5,subcritical,3,2
0.5,subcritical,6,1
0.5,subcritical,13,7
0.5,subcritical,1,3
0.5,subcritical,1,1
0.5,subcritical,2,6
0.5,subcritical,6,1
0.5,subcritical,2,2
0.5,subcritical,18,2
0.5,subcritical,1,7
0.5,subcritical,1,7
0.5,subcritical,4,3
0.5,subcritical,6,5
0.5,subcritical,11,2
0.5,subcritical,6,4
0.5,subcritical,4,3
0.5,subcritical,4,4
0.5,subcritical,2,1
0.5,subcritical,4,2
0.5,subcritical,5,7
0.5,subcritical,4,8
0.5,subcritical,2,2
0.5,subcritical,3,5
0.5,subcritical,15,5
0.5,subcritical,2,2
0.5,subcritical,1,3
0.5,subcritical,2,4
0.5,subcritical,2,1
0.5,subcritical,2,2
0.5,subcritical,6,7
0.5,subcritical,7,1
0.5,subcritical,10,1
0.5,subcritical,1,4
0.5,subcritical,1,2
0.5,subcritical,19,1
0.5,subcritical,1,6
0.5,subcritical,4,5
0.5,subcritical,1,11
0.5,subcritical,6,2
0.5,subcritical,28,1
0.5,subcritical,4,2
0.5,subcritical,3,2
0.5,subcritical,6,3
0.5,subcritical,6,4
0.5,subcritical,5,2
0.5,subcritical,5,2
0.5,subcritical,1,2
0.5,subcritical,30,2
0.5,subcritical,6,4
0.5,subcritical,2,3
0.5,subcritical,13,3
0.5,subcritical,1,1
0.5,subcritical,3,2
0.5,subcritical,4,1
0.5,subcritical,3,3
0.5,subcritical,4,6
0.5,subcritical,4,10
0.5,subcritical,2,1
0.5,subcritical,7,2
0.5,subcritical,1,1
0.5,subcritical,1,3
0.5,subcritical,9,4
0.5,subcritical,7,4
0.5,subcritical,2,1
0.5,subcritical,10,1
0.5,subcritical,7,5
0.5,subcritical,13,2
0.5,subcritical,2,1
0.5,subcritical,1,4
0.5,subcritical,2,5
0.5,subcritical,9,4
0.5,subcritical,10,2
0.5,subcritical,1,5
0.5,subcritical,5,3
0.5,subcritical,17,3
0.5,subcritical,7,5
0.5,subcritical,1,5
0.5,subcritical,5,4
0.5,subcritical,19,2
0.5,subcritical,13,3
0.5,subcritical,5,1
0.5,subcritical,12,1
0.5,subcritical,2,3
0.5,subcritical,14,2
0.5,subcritical,2,2
0.5,subcritical,14,9
0.5,subcritical,3,4
0.5,subcritical,2,2
0.5,subcritical,6,3
0.5,subcritical,6,2
0.5,subcritical,6,2
0.5,subcritical,5,4
0.5,subcritical,4,3
0.5,subcritical,13,4
0.5,subcritical,6,2
0.5,subcritical,3,7
0.5,subcritical,7,1
0.5,subcritical,15,1
0.5,subcritical,1,7
0.5,subcritical,3,1
0.5,subcritical,1,6
0.5,subcritical,14,1
0.5,subcritical,6,1
0.5,subcritical,6,2
0.5,subcritical,5,4
0.5,subcritical,1,1
0.5,subcritical,15,10
0.5,subcritical,11,3
0.5,subcritical,10,7
0.5,subcritical,2,2
0.5,subcritical,3,2
0.5,subcritical,4,2
0.5,subcritical,22,6
0.5,subcritical,2,3
0.5,subcritical,4,3
0.5,subcritical,8,3
0.5,subcritical,8,2
0.5,subcritical,5,1
0.5,subcritical,4,4
0.5,subcritical,6,1
0.5,subcritical,2,1
0.5,subcritical,2,5
0.5,subcritical,2,11
0.5,subcritical,6,6
0.5,subcritical,2,2
0.5,subcritical,2,1
0.5,subcritical,1,10
0.5,subcritical,10,1
0.5,subcritical,2,1
0.5,subcritical,5,6
0.5,subcritical,9,1
0.5,subcritical,6,2
0.5,subcritical,6,2
0.5,subcritical,9,2
0.5,subcritical,1,2
0.5,subcritical,21,5
0.5,subcritical,1,3
0.5,subcritical,7,3
0.5,subcritical,8,1
0.5,subcritical,7,5
0.5,subcritical,4,1
0.5,subcritical,14,7
0.5,subcritical,1,1
0.5,subcritical,1,10
0.5,subcritical,1,2
0.5,subcritical,3,6
0.5,subcritical,18,2
0.5,subcritical,7,4
0.5,subcritical,2,3
0.5,subcritical,10,5
0.5,subcritical,1,2
0.5,subcritical,11,1
0.5,subcritical,4,2
0.5,subcritical,3,3
0.5,subcritical,6,4
0.5,subcritical,19,6
0.5,subcritical,1,4
0.5,subcritical,2,1
0.5,subcritical,11,3
0.5,subcritical,11,4
0.5,subcritical,6,2
0.5,subcritical,18,1
0.5,subcritical,1,2
0.5,subcritical,2,7
0.5,subcritical,2,3
0.5,subcritical,1,3
0.5,subcritical,8,6
0.5,subcritical,24,13
0.5,subcritical,1,4
0.5,subcritical,1,1
0.5,subcritical,2,3
0.5,subcritical,24,7
0.5,subcritical,6,2
0.5,subcritical,10,1
0.5,subcritical,2,2
0.5,subcritical,1,1
0.5,subcritical,1,3
0.5,subcritical,16,1
0.5,subcritical,4,4
0.5,subcritical,1,1
0.5,subcritical,2,2
0.5,subcritical,2,2
0.5,subcritical,1,7
0.5,subcritical,2,7
0.5,subcritical,9,3
0.5,subcritical,1,1
0.5,subcritical,2,5
0.5,subcritical,1,3
0.5,subcritical,12,6
0.5,subcritical,10,4
0.5,subcritical,2,3
0.5,subcritical,8,3
0.5,subcritical,11,2
0.5,subcritical,5,5
0.5,subcritical,5,1
0.5,subcritical,4,2
0.5,subcritical,2,2
0.5,subcritical,1,3
0.5,subcritical,3,1
0.5,subcritical,3,2
0.5,subcritical,3,5
0.5,subcritical,1,4
0.5,subcritical,2,3
0.5,subcritical,2,1
0.5,subcritical,11,6
0.5,subcritical,7,3
0.5,subcritical,6,1
0.5,subcritical,2,2
0.5,subcritical,1,4
0.5,subcritical,3,1
0.5,subcritical,7,1
0.5,subcritical,5,3
0.5,subcritical,4,3
0.5,subcritical,7,2
0.5,subcritical,1,5
0.5,subcritical,2,5
0.5,subcritical,5,1
0.5,subcritical,4,11
0.5,subcritical,4,1
0.5,subcritical,1,6
0.5,subcritical,4,1
0.5,subcritical,4,1
0.5,subcritical,6,6
0.5,subcritical,5,1
0.5,subcritical,2,3
0.5,subcritical,9,6
0.5,subcritical,5,1
0.5,subcritical,5,1
0.5,subcritical,3,7
0.5,subcritical,3,8
0.5,subcritical,8,3
0.5,subcritical,1,1
0.5,subcritical,18,3
0.5,subcritical,2,8
0.5,subcritical,2,7
0.5,subcritical,6,1
0.5,subcritical,7,3
0.5,subcritical,10,1
0.5,subcritical,2,1
0.5,subcritical,3,6
0.5,subcritical,9,4
0.5,subcritical,3,6
0.5,subcritical,9,3
0.5,subcritical,5,3
0.5,subcritical,44,3
0.5,subcritical,1,3
0.5,subcritical,11,5
0.5,subcritical,3,6
0.5,subcritical,1,1
0.5,subcritical,3,3
0.5,subcritical,4,1
0.5,subcritical,3,1
0.5,subcritical,4,2
0.5,subcritical,8,4
0.5,subcritical,6,3
0.5,subcritical,3,1
0.5,subcritical,5,1
0.5,subcritical,1,1
0.5,subcritical,4,3
0.5,subcritical,2,2
0.5,subcritical,13,3
0.5,subcritical,1,1
0.5,subcritical,13,6
0.5,subcritical,3,1
0.5,subcritical,2,11
0.5,subcritical,5,1
0.5,subcritical,3,5
0.5,subcritical,16,1
0.5,subcritical,1,2
0.5,subcritical,3,1
0.5,subcritical,2,2
0.5,subcritical,5,7
0.5,subcritical,1,1
0.5,subcritical,1,3
0.5,subcritical,4,5
0.5,subcritical,10,5
0.5,subcritical,9,4
0.5,subcritical,3,1
0.5,subcritical,13,7
0.5,subcritical,2,1
0.5,subcritical,5,9
0.5,subcritical,7,1
0.5,subcritical,1,4
0.5,subcritical,6,3
0.5,subcritical,7,10
0.5,subcritical,11,1
0.5,subcritical,8,9
0.5,subcritical,1,4
0.5,subcritical,11,17
0.5,subcritical,7,3
0.5,subcritical,7,4
0.5,subcritical,7,3
0.5,subcritical,2,5
0.5,subcritical,10,4
0.5,subcritical,5,8
0.5,subcritical,1,2
0.5,subcritical,6,2
0.5,subcritical,1,7
0.5,subcritical,1,8
0.5,subcritical,5,5
0.5,subcritical,1,1
0.5,subcritical,2,3
0.5,subcritical,5,5
0.5,subcritical,10,3
0.5,subcritical,3,2
0.5,subcritical,1,3
0.5,subcritical,1,3
0.5,subcritical,7,2
0.5,subcritical,4,1
0.5,subcritical,8,9
0.5,subcritical,6,5
0.5,subcritical,6,7
0.5,subcritical,3,3
0.5,subcritical,6,3
0.5,subcritical,11,5
0.5,subcritical,6,3
0.5,subcritical,11,2
0.5,subcritical,4,1
0.5,subcritical,9,2
0.5,subcritical,1,5
0.5,subcritical,17,6
0.5,subcritical,2,3
0.5,subcritical,1,2
0.5,subcritical,1,3
0.5,subcritical,6,3
0.5,subcritical,7,6
0.5,subcritical,15,3
0.5,subcritical,5,2
0.5,subcritical,3,4
0.5,subcritical,2,1
0.5,subcritical,1,1
0.5,subcritical,11,2
0.5,subcritical,3,1
0.5,subcritical,1,2
0.5,subcritical,1,13
0.5,subcritical,3,14
0.5,subcritical,3,1
0.5,subcritical,4,4
0.5,subcritical,5,1
0.5,subcritical,4,6
0.5,subcritical,7,1
0.5,subcritical,4,1
0.5,subcritical,9,3
0.5,subcritical,2,1
0.5,subcritical,4,1
0.5,subcritical,1,1
0.5,subcritical,3,2
0.5,subcritical,4,1
0.5,subcritical,3,2
0.5,subcritical,1,5
0.5,subcritical,3,6
0.5,subcritical,3,1
0.5,subcritical,12,2
0.5,subcritical,9,2
0.5,subcritical,5,4
0.5,subcritical,2,3
0.5,subcritical,5,7
0.5,subcritical,1,5
0.5,subcritical,13,6
0.5,subcritical,2,5
0.5,subcritical,9,2
0.5,subcritical,4,2
0.5,subcritical,2,1
0.5,subcritical,3,2
0.5,subcritical,32,2
0.5,subcritical,8,1
0.5,subcritical,10,1
0.5,subcritical,4,2
0.5,subcritical,2,4
0.5,subcritical,2,2
0.5,subcritical,8,3
0.5,subcritical,16,9
0.5,subcritical,7,3
0.5,subcritical,10,1
0.5,subcritical,5,1
0.5,subcritical,1,2
0.5,subcritical,4,4
0.5,subcritical,5,2
0.5,subcritical,1,9
0.5,subcritical,4,4
0.5,subcritical,2,3
0.5,subcritical,12,3
0.5,subcritical,14,1
0.5,subcritical,16,7
0.5,subcritical,5,3
0.5,subcritical,8,9
0.5,subcritical,14,1
0.5,subcritical,6,5
0.5,subcritical,1,1
0.5,subcritical,2,1
0.5,subcritical,2,4
0.5,subcritical,2,6
0.5,subcritical,9,1
0.5,subcritical,9,4
0.5,subcritical,5,6
0.5,subcritical,1,5
0.5,subcritical,9,5
0.5,subcritical,5,3
0.5,subcritical,5,2
0.5,subcritical,1,1
0.5,subcritical,13,3
0.5,subcritical,19,3
0.5,subcritical,1,3
0.5,subcritical,2,4
0.5,subcritical,3,2
0.5,subcritical,9,6
0.5,subcritical,16,1
0.5,subcritical,1,5
0.5,subcritical,2,1
0.5,subcritical,1,5
0.5,subcritical,3,3
0.5,subcritical,2,1
0.5,subcritical,4,1
0.5,subcritical,6,4
0.5,subcritical,4,2
0.5,subcritical,1,1
0.5,subcritical,1,1
0.5,subcritical,5,1
0.5,subcritical,6,2
0.5,subcritical,2,2
0.5,subcritical,8,1
0.5,subcritical,5,8
0.5,subcritical,4,13
0.5,subcritical,9,2
0.5,subcritical,5,1
0.5,subcritical,15,1
0.5,subcritical,5,1
0.5,subcritical,2,6
0.5,subcritical,1,1
0.5,subcritical,1,1
0.5,subcritical,31,7
0.5,subcritical,11,1
0.5,subcritical,19,5
0.5,subcritical,1,11
0.5,subcritical,6,2
0.5,subcritical,7,3
0.5,subcritical,8,2
0.5,subcritical,3,5
0.5,subcritical,1,1
0.5,subcritical,4,1
0.5,subcritical,6,4
0.5,subcritical,16,2
0.5,subcritical,8,1
0.5,subcritical,4,4
0.5,subcritical,9,1
0.5,subcritical,6,6
0.5,subcritical,1,1
0.5,subcritical,3,2
0.5,subcritical,2,4
0.5,subcritical,3,8
0.5,subcritical,3,6
0.5,subcritical,1,1
0.5,subcritical,3,4
0.5,subcritical,3,5
0.5,subcritical,2,3
0.5,subcritical,8,3
0.5,subcritical,1,1
0.5,subcritical,5,3
0.5,subcritical,15,3
0.5,subcritical,4,2
0.5,subcritical,11,3
0.5,subcritical,13,2
0.5,subcritical,1,6
0.5,subcritical,1,2
0.5,subcritical,5,3
0.5,subcritical,4,6
0.5,subcritical,1,1
0.5,subcritical,1,8
0.5,subcritical,2,1
0.5,subcritical,7,4
0.5,subcritical,4,2
0.5,subcritical,9,1
0.5,subcritical,8,9
0.5,subcritical,16,5
0.5,subcritical,3,3
0.5,subcritical,3,10
0.5,subcritical,7,1
0.5,subcritical,3,2
0.5,subcritical,5,1
0.5,subcritical,16,5
0.5,subcritical,1,15
0.5,subcritical,3,1
0.5,subcritical,21,7
0.73,critical,12,2
0.73,critical,2,1
0.73,critical,1,1
0.73,critical,2,1
0.73,critical,40,1
0.73,critical,6,1
0.73,critical,12,3
0.73,critical,8,3
0.73,critical,3,2
0.73,critical,9,8
0.73,critical,56,30
0.73,critical,1000,2
0.73,critical,1,14
0.73,critical,4,9
0.73,critical,3,20
0.73,critical,45,3
0.73,critical,6,2
0.73,critical,2,1
0.73,critical,1000,1
0.73,critical,8,2
0.73,critical,5,1
0.73,critical,4,1
0.73,critical,2,2
0.73,critical,1,5
0.73,critical,35,1
0.73,critical,18,2
0.73,critical,7,14
0.73,critical,4,3
0.73,critical,517,2
0.73,critical,1,1
0.73,critical,1,1
0.73,critical,3,1
0.73,critical,3,1
0.73,critical,2,4
0.73,critical,9,2
0.73,critical,21,1
0.73,critical,1000,2
0.73,critical,1,1
0.73,critical,14,4
0.73,critical,4,17
0.73,critical,19,4
0.73,critical,2,4
0.73,critical,10,1
0.73,critical,14,1
0.73,critical,2,1
0.73,critical,2,3
0.73,critical,2,2
0.73,critical,2,65
0.73,critical,7,5
0.73,critical,2,1
0.73,critical,1000,1
0.73,critical,2,1
0.73,critical,47,2
0.73,critical,1,1
0.73,critical,6,5
0.73,critical,5,2
0.73,critical,2,6
0.73,critical,2,2
0.73,critical,16,4
0.73,critical,4,1
0.73,critical,1,1
0.73,critical,2,1
0.73,critical,3,4
0.73,critical,1,4
0.73,critical,2,1
0.73,critical,362,2
0.73,critical,1,3
0.73,critical,8,3
0.73,critical,1,109
0.73,critical,2,2
0.73,critical,2,5
0.73,critical,1,1
0.73,critical,1,4
0.73,critical,1,2
0.73,critical,3,2
0.73,critical,2,3
0.73,critical,101,2
0.73,critical,3,2
0.73,critical,18,2
0.73,critical,1,1
0.73,critical,32,2
0.73,critical,1,4
0.73,critical,24,1
0.73,critical,6,1
0.73,critical,58,3
0.73,critical,66,6
0.73,critical,21,9
0.73,critical,14,21
0.73,critical,44,2
0.73,critical,3,1
0.73,critical,5,3
0.73,critical,2,3
0.73,critical,2,2
0.73,critical,2,3
0.73,critical,9,1
0.73,critical,2,4
0.73,critical,24,6
0.73,critical,3,2
0.73,critical,3,2
0.73,critical,11,1
0.73,critical,3,2
0.73,critical,4,7
0.73,critical,42,1
0.73,critical,24,1
0.73,critical,1,8
0.73,critical,2,137
0.73,critical,3,10
0.73,critical,1,10
0.73,critical,2,1
0.73,critical,1,30
0.73,critical,4,1
0.73,critical,395,4
0.73,critical,28,1
0.73,critical,2,11
0.73,critical,2,2
0.73,critical,15,2
0.73,critical,1,2
0.73,critical,19,62
0.73,critical,11,1
0.73,critical,11,5
0.73,critical,3,2
0.73,critical,1,2
0.73,critical,9,3
0.73,critical,4,1
0.73,critical,29,1
0.73,critical,4,2
0.73,critical,8,1
0.73,critical,2,6
0.73,critical,3,2
0.73,critical,9,1
0.73,critical,637,42
0.73,critical,4,7
0.73,critical,1000,2
0.73,critical,3,1
0.73,critical,3,2
0.73,critical,689,1
0.73,critical,5,1
0.73,critical,8,5
0.73,critical,64,2
0.73,critical,1000,1
0.73,critical,14,1
0.73,critical,4,2
0.73,critical,843,1
0.73,critical,792,4
0.73,critical,797,2
0.73,critical,8,2
0.73,critical,3,1
0.73,critical,2,2
0.73,critical,2,4
0.73,critical,1,1
0.73,critical,357,4
0.73,critical,2,1
0.73,critical,51,3
0.73,critical,16,1
0.73,critical,1,2
0.73,critical,1,3
0.73,critical,2,4
0.73,critical,1,5
0.73,critical,1,3
0.73,critical,2,1
0.73,critical,50,1
0.73,critical,2,4
0.73,critical,1,3
0.73,critical,9,305
0.73,critical,5,196
0.73,critical,45,6
0.73,critical,2,3
0.73,critical,103,26
0.73,critical,7,2
0.73,critical,1,2
0.73,critical,1,2
0.73,critical,43,1
0.73,critical,18,2
0.73,critical,6,2
0.73,critical,1000,6
0.73,critical,1,1
0.73,critical,29,1
0.73,critical,2,4
0.73,critical,9,25
0.73,critical,4,1
0.73,critical,1,1
0.73,critical,2,2
0.73,critical,1,1
0.73,critical,14,1
0.73,critical,2,1
0.73,critical,155,5
0.73,critical,53,1
0.73,critical,15,2
0.73,critical,1,1
0.73,critical,7,1
0.73,critical,90,2
0.73,critical,1,4
0.73,critical,49,2
0.73,critical,4,1
0.73,critical,4,4
0.73,critical,1,2
0.73,critical,2,8
0.73,critical,4,3
0.73,critical,4,1
0.73,critical,2,1
0.73,critical,2,17
0.73,critical,4,2
0.73,critical,4,1
0.73,critical,15,1
0.73,critical,1,1
0.73,critical,3,3
0.73,critical,6,1
0.73,critical,1,3
0.73,critical,6,6
0.73,critical,10,1
0.73,critical,17,2
0.73,critical,2,1
0.73,critical,148,29
0.73,critical,124,40
0.73,critical,3,500
0.73,critical,3,2
0.73,critical,1,1
0.73,critical,20,1
0.73,critical,1,5
0.73,critical,14,2
0.73,critical,4,3
0.73,critical,43,1
0.73,critical,6,1
0.73,critical,1,203
0.73,critical,6,1
0.73,critical,1,5
0.73,critical,4,9
0.73,critical,2,3
0.73,critical,6,1
0.73,critical,4,2
0.73,critical,3,5
0.73,critical,29,4
0.73,critical,1,5
0.73,critical,5,2
0.73,critical,3,2
0.73,critical,194,9
0.73,critical,7,3
0.73,critical,15,30
0.73,critical,464,2
0.73,critical,4,20
0.73,critical,3,1
0.73,critical,8,2
0.73,critical,2,3
0.73,critical,1,3
0.73,critical,1000,9
0.73,critical,5,10
0.73,critical,8,4
0.73,critical,1,3
0.73,critical,2,2
0.73,critical,6,7
0.73,critical,3,1
0.73,critical,1,1
0.73,critical,41,4
0.73,critical,1,1
0.73,critical,6,8
0.73,critical,2,16
0.73,critical,2,2
0.73,critical,2,4
0.73,critical,3,8
0.73,critical,3,2
0.73,critical,1,1
0.73,critical,2,1
0.73,critical,1,4
0.73,critical,29,2
0.73,critical,1,5
0.73,critical,3,1
0.73,critical,6,1
0.73,critical,2,2
0.73,critical,7,1
0.73,critical,1,1
0.73,critical,1000,4
0.73,critical,223,2
0.73,critical,131,1
0.73,critical,2,1
0.73,critical,1,1
0.73,critical,4,1
0.73,critical,1,2
0.73,critical,23,1
0.73,critical,1,5
0.73,critical,48,1
0.73,critical,104,8
0.73,critical,4,4
0.73,critical,2,2
0.73,critical,1000,1
0.73,critical,2,3
0.73,critical,3,1
0.73,critical,4,1
0.73,critical,17,1
0.73,critical,54,1
0.73,critical,2,3
0.73,critical,25,3
0.73,critical,13,1
0.73,critical,12,4
0.73,critical,5,2
0.73,critical,3,5
0.73,critical,24,1
0.73,critical,4,2
0.73,critical,137,4
0.73,critical,2,1
0.73,critical,6,3
0.73,critical,4,1
0.73,critical,3,5
0.73,critical,2,6
0.73,critical,1,1
0.73,critical,3,1
0.73,critical,2,1
0.73,critical,523,1
0.73,critical,7,2
0.73,critical,1,2
0.73,critical,28,6
0.73,critical,15,5
0.73,critical,2,2
0.73,critical,14,2
0.73,critical,2,2
0.73,critical,35,2
0.73,critical,1,1
0.73,critical,19,2
0.73,critical,1,18
0.73,critical,3,2
0.73,critical,6,69
0.73,critical,1000,1
0.73,critical,1000,4
0.73,critical,225,1
0.73,critical,3,3
0.73,critical,6,1
0.73,critical,1000,19
0.73,critical,2,4
0.73,critical,2,3
0.73,critical,43,1
0.73,critical,88,2
0.73,critical,1,8
0.73,critical,9,1
0.73,critical,20,2
0.73,critical,21,1
0.73,critical,6,2
0.73,critical,4,2
0.73,critical,597,207
0.73,critical,21,2
0.73,critical,1000,2
0.73,critical,2,7
0.73,critical,1,1
0.73,critical,5,2
0.73,critical,22,2
0.73,critical,58,3
0.73,critical,2,3
0.73,critical,1,4
0.73,critical,57,3
0.73,critical,5,4
0.73,critical,103,1
0.73,critical,1,6
0.73,critical,4,1
0.73,critical,7,1
0.73,critical,14,9
0.73,critical,2,3
0.73,critical,2,2
0.73,critical,2,2
0.73,critical,1,2
0.73,critical,1,10
0.73,critical,1,2
0.73,critical,1,1
0.73,critical,1,5
0.73,critical,2,1
0.73,critical,8,4
0.73,critical,10,2
0.73,critical,2,1
0.73,critical,322,3
0.73,critical,28,1
0.73,critical,5,1
0.73,critical,2,14
0.73,critical,58,1
0.73,critical,2,1
0.73,critical,67,1
0.73,critical,9,1
0.73,critical,240,3
0.73,critical,5,1
0.73,critical,7,1
0.73,critical,4,1
0.73,critical,22,1
0.73,critical,4,4
0.73,critical,2,2
0.73,critical,2,5
0.73,critical,1,1
0.73,critical,1000,1
0.73,critical,1,12
0.73,critical,34,2
0.73,critical,22,7
0.73,critical,1,3
0.73,critical,167,2
0.73,critical,6,3
0.73,critical,3,2
0.73,critical,2,2
0.73,critical,3,1
0.73,critical,3,6
0.73,critical,11,2
0.73,critical,57,5
0.73,critical,369,4
0.73,critical,1,4
0.73,critical,118,5
0.73,critical,1,3
0.73,critical,4,2
0.73,critical,125,3
0.73,critical,76,4
0.73,critical,19,1
0.73,critical,1000,3
0.73,critical,7,1
0.73,critical,3,3
0.73,critical,2,1
0.73,critical,1,2
0.73,critical,11,2
0.73,critical,1,1
0.73,critical,4,1
0.73,critical,8,1
0.73,critical,2,7
0.73,critical,327,2
0.73,critical,9,4
0.73,critical,1,2
0.73,critical,14,2
0.73,critical,2,2
0.73,critical,4,3
0.73,critical,1,2
0.73,critical,8,1
0.73,critical,3,1
0.73,critical,1,1
0.73,critical,1,2
0.73,critical,13,1
0.73,critical,3,1
0.73,critical,1,126
0.73,critical,2,1
0.73,critical,6,1
0.73,critical,3,6
0.73,critical,57,5
0.73,critical,4,4
0.73,critical,29,2
0.73,critical,8,24
0.73,critical,1,3
0.73,critical,1,1
0.73,critical,2,7
0.73,critical,9,2
0.73,critical,34,1
0.73,critical,2,5
0.73,critical,2,1
0.73,critical,92,1
0.73,critical,129,1
0.73,critical,2,1
0.73,critical,5,5
0.73,critical,18,3
0.73,critical,6,2
0.73,critical,1,1
0.73,critical,1,2
0.73,critical,24,3
0.73,critical,5,1
0.73,critical,2,1
0.73,critical,21,1
0.73,critical,3,3
0.73,critical,1,6
0.73,critical,1,11
0.73,critical,19,6
0.73,critical,66,2
0.73,critical,1,4
0.73,critical,3,3
0.73,critical,30,3
0.73,critical,22,14
0.73,critical,7,2
0.73,critical,2,11
0.73,critical,110,2
0.73,critical,8,1
0.73,critical,161,4
0.73,critical,1000,1
0.73,critical,1,4
0.73,critical,1000,4
0.73,critical,52,2
0.73,critical,2,56
0.73,critical,21,4
0.73,critical,38,3
0.73,critical,15,1
0.73,critical,33,2
0.73,critical,3,2
0.73,critical,10,4
0.73,critical,1000,2
0.73,critical,3,8
0.73,critical,12,1
0.73,critical,9,215
0.73,critical,1,5
0.73,critical,125,3
0.73,critical,1,2
0.73,critical,36,2
0.73,critical,2,2
0.73,critical,1000,1
0.73,critical,2,1
0.73,critical,9,1
0.73,critical,104,5
0.73,critical,2,1
0.73,critical,3,3
0.73,critical,5,2
0.73,critical,1,1
0.73,critical,5,6
0.73,critical,1,25
0.73,critical,3,32
0.73,critical,28,1
0.73,critical,2,3
1.0,supercritical,760,204
1.0,supercritical,987,161
1.0,supercritical,711,392
1.0,supercritical,484,30
1.0,supercritical,736,6
1.0,supercritical,52,161
1.0,supercritical,759,323
1.0,supercritical,494,374
1.0,supercritical,204,314
1.0,supercritical,835,288
1.0,supercritical,623,78
1.0,supercritical,56,303
1.0,supercritical,364,116
1.0,supercritical,2,225
1.0,supercritical,201,326
1.0,supercritical,49,468
1.0,supercritical,935,365
1.0,supercritical,535,383
1.0,supercritical,30,414
1.0,supercritical,105,238
1.0,supercritical,788,282
1.0,supercritical,988,311
1.0,supercritical,543,245
1.0,supercritical,494,208
1.0,supercritical,218,81
1.0,supercritical,963,29
1.0,supercritical,444,237
1.0,supercritical,99,262
1.0,supercritical,82,204
1.0,supercritical,281,393
1.0,supercritical,8,17
1.0,supercritical,700,71
1.0,supercritical,726,398
1.0,supercritical,208,484
1.0,supercritical,166,289
1.0,supercritical,658,57
1.0,supercritical,726,131
1.0,supercritical,809,75
1.0,supercritical,393,320
1.0,supercritical,247,223
1.0,supercritical,597,323
1.0,supercritical,895,441
1.0,supercritical,383,75
1.0,supercritical,455,270
1.0,supercritical,824,81
1.0,supercritical,504,53
1.0,supercritical,549,297
1.0,supercritical,314,57
1.0,supercritical,203,487
1.0,supercritical,65,345
1.0,supercritical,684,420
1.0,supercritical,923,228
1.0,supercritical,107,291
1.0,supercritical,872,276
1.0,supercritical,192,285
1.0,supercritical,371,133
1.0,supercritical,996,43
1.0,supercritical,995,311
1.0,supercritical,940,480
1.0,supercritical,412,493
1.0,supercritical,465,304
1.0,supercritical,158,345
1.0,supercritical,318,304
1.0,supercritical,756,218
1.0,supercritical,29,249
1.0,supercritical,642,120
1.0,supercritical,71,486
1.0,supercritical,147,295
1.0,supercritical,194,18
1.0,supercritical,900,255
1.0,supercritical,517,477
1.0,supercritical,108,407
1.0,supercritical,716,78
1.0,supercritical,592,186
1.0,supercritical,953,104
1.0,supercritical,38,92
1.0,supercritical,899,24
1.0,supercritical,576,282
1.0,supercritical,347,156
1.0,supercritical,743,276
1.0,supercritical,566,481
1.0,supercritical,786,357
1.0,supercritical,56,421
1.0,supercritical,730,113
1.0,supercritical,143,486
1.0,supercritical,556,146
1.0,supercritical,487,318
1.0,supercritical,228,275
1.0,supercritical,615,207
1.0,supercritical,314,77
1.0,supercritical,716,432
1.0,supercritical,35,284
1.0,supercritical,215,106
1.0,supercritical,312,467
1.0,supercritical,509,275
1.0,supercritical,731,10
1.0,supercritical,482,470
1.0,supercritical,104,352
1.0,supercritical,220,479
1.0,supercritical,577,147
1.0,supercritical,163,34
1.0,supercritical,470,82
1.0,supercritical,472,341
1.0,supercritical,58,375
1.0,supercritical,127,465
1.0,supercritical,902,292
1.0,supercritical,213,83
1.0,supercritical,101,379
1.0,supercritical,267,389
1.0,supercritical,34,424
1.0,supercritical,967,93
1.0,supercritical,528,259
1.0,supercritical,527,397
1.0,supercritical,340,412
1.0,supercritical,694,162
1.0,supercritical,949,427
1.0,supercritical,307,52
1.0,supercritical,784,30
1.0,supercritical,869,97
1.0,supercritical,26,48
1.0,supercritical,212,206
1.0,supercritical,396,134
1.0,supercritical,964,34
1.0,supercritical,410,22
1.0,supercritical,112,435
1.0,supercritical,256,408
1.0,supercritical,339,216
1.0,supercritical,781,2
1.0,supercritical,977,96
1.0,supercritical,694,227
1.0,supercritical,500,240
1.0,supercritical,394,491
1.0,supercritical,56,411
1.0,supercritical,340,51
1.0,supercritical,488,118
1.0,supercritical,443,345
1.0,supercritical,177,73
1.0,supercritical,135,303
1.0,supercritical,728,494
1.0,supercritical,950,174
1.0,supercritical,236,407
1.0,supercritical,532,22
1.0,supercritical,765,66
1.0,supercritical,342,396
1.0,supercritical,27,454
1.0,supercritical,709,252
1.0,supercritical,900,451
1.0,supercritical,539,381
1.0,supercritical,631,170
1.0,supercritical,265,92
1.0,supercritical,241,403
1.0,supercritical,659,67
1.0,supercritical,696,211
1.0,supercritical,296,342
1.0,supercritical,266,442
1.0,supercritical,79,146
1.0,supercritical,320,199
1.0,supercritical,8,191
1.0,supercritical,479,452
1.0,supercritical,744,204
1.0,supercritical,802,141
1.0,supercritical,10,222
1.0,supercritical,714,482
1.0,supercritical,890,298
1.0,supercritical,882,169
1.0,supercritical,130,220
1.0,supercritical,623,489
1.0,supercritical,644,457
1.0,supercritical,743,396
1.0,supercritical,927,16
1.0,supercritical,575,311
1.0,supercritical,539,481
1.0,supercritical,983,411
1.0,supercritical,5,409
1.0,supercritical,86,246
1.0,supercritical,94,136
1.0,supercritical,416,70
1.0,supercritical,868,447
1.0,supercritical,450,265
1.0,supercritical,204,356
1.0,supercritical,86,357
1.0,supercritical,979,177
1.0,supercritical,331,122
1.0,supercritical,13,18
1.0,supercritical,328,32
1.0,supercritical,232,495
1.0,supercritical,701,202
1.0,supercritical,452,427
1.0,supercritical,433,485
1.0,supercritical,272,123
1.0,supercritical,483,313
1.0,supercritical,32,108
1.0,supercritical,739,147
1.0,supercritical,95,156
1.0,supercritical,238,379
1.0,supercritical,626,344
1.0,supercritical,270,14
1.0,supercritical,52,174
1.0,supercritical,372,41
1.0,supercritical,125,403
1.0,supercritical,570,135
1.0,supercritical,935,169
1.0,supercritical,543,248
1.0,supercritical,410,426
1.0,supercritical,639,110
1.0,supercritical,907,34
1.0,supercritical,512,310
1.0,supercritical,47,154
1.0,supercritical,737,82
1.0,supercritical,203,399
1.0,supercritical,976,348
1.0,supercritical,16,418
1.0,supercritical,166,351
1.0,supercritical,530,130
1.0,supercritical,769,261
1.0,supercritical,253,373
1.0,supercritical,936,382
1.0,supercritical,479,339
1.0,supercritical,83,4
1.0,supercritical,969,434
1.0,supercritical,368,245
1.0,supercritical,77,70
1.0,supercritical,598,487
1.0,supercritical,557,139
1.0,supercritical,501,76
1.0,supercritical,810,296
1.0,supercritical,373,404
1.0,supercritical,138,321
1.0,supercritical,210,295
1.0,supercritical,511,164
1.0,supercritical,276,409
1.0,supercritical,412,212
1.0,supercritical,638,8
1.0,supercritical,847,133
1.0,supercritical,632,384
1.0,supercritical,720,77
1.0,supercritical,342,379
1.0,supercritical,511,20
1.0,supercritical,759,153
1.0,supercritical,679,164
1.0,supercritical,951,287
1.0,supercritical,367,165
1.0,supercritical,701,369
1.0,supercritical,966,300
1.0,supercritical,435,152
1.0,supercritical,498,292
1.0,supercritical,590,153
1.0,supercritical,852,123
1.0,supercritical,669,140
1.0,supercritical,700,485
1.0,supercritical,101,388
1.0,supercritical,316,263
1.0,supercritical,962,110
1.0,supercritical,472,10
1.0,supercritical,219,467
1.0,supercritical,578,69
1.0,supercritical,29,33
1.0,supercritical,498,422
1.0,supercritical,147,288
1.0,supercritical,852,451
1.0,supercritical,746,407
1.0,supercritical,659,45
1.0,supercritical,772,298
1.0,supercritical,15,222
1.0,supercritical,283,400
1.0,supercritical,992,257
1.0,supercritical,775,183
1.0,supercritical,280,85
1.0,supercritical,985,262
1.0,supercritical,498,204
1.0,supercritical,961,265
1.0,supercritical,844,367
1.0,supercritical,405,80
1.0,supercritical,421,333
1.0,supercritical,887,402
1.0,supercritical,533,144
1.0,supercritical,171,319
1.0,supercritical,933,218
1.0,supercritical,730,285
1.0,supercritical,623,449
1.0,supercritical,802,26
1.0,supercritical,212,336
1.0,supercritical,284,227
1.0,supercritical,367,308
1.0,supercritical,728,352
1.0,supercritical,778,410
1.0,supercritical,126,61
1.0,supercritical,126,343
1.0,supercritical,508,224
1.0,supercritical,341,355
1.0,supercritical,869,377
1.0,supercritical,735,28
1.0,supercritical,123,122
1.0,supercritical,702,1
1.0,supercritical,709,391
1.0,supercritical,621,24
1.0,supercritical,391,339
1.0,supercritical,644,414
1.0,supercritical,837,421
1.0,supercritical,140,18
1.0,supercritical,849,380
1.0,supercritical,240,216
1.0,supercritical,933,339
1.0,supercritical,134,209
1.0,supercritical,670,121
1.0,supercritical,552,292
1.0,supercritical,787,497
1.0,supercritical,385,455
1.0,supercritical,462,448
1.0,supercritical,182,406
1.0,supercritical,415,415
1.0,supercritical,337,183
1.0,supercritical,804,365
1.0,supercritical,213,198
1.0,supercritical,8,485
1.0,supercritical,703,125
1.0,supercritical,160,82
1.0,supercritical,250,464
1.0,supercritical,764,28
1.0,supercritical,359,378
1.0,supercritical,565,260
1.0,supercritical,848,350
1.0,supercritical,81,475
1.0,supercritical,836,185
1.0,supercritical,835,113
1.0,supercritical,703,441
1.0,supercritical,624,490
1.0,supercritical,74,306
1.0,supercritical,373,21
1.0,supercritical,626,39
1.0,supercritical,711,464
1.0,supercritical,255,132
1.0,supercritical,122,449
1.0,supercritical,677,347
1.0,supercritical,436,142
1.0,supercritical,106,2
1.0,supercritical,585,368
1.0,supercritical,197,237
1.0,supercritical,924,293
1.0,supercritical,873,189
1.0,supercritical,224,95
1.0,supercritical,599,32
1.0,supercritical,206,264
1.0,supercritical,754,426
1.0,supercritical,544,190
1.0,supercritical,503,240
1.0,supercritical,473,431
1.0,supercritical,791,154
1.0,supercritical,511,311
1.0,supercritical,618,6
1.0,supercritical,822,170
1.0,supercritical,775,152
1.0,supercritical,27,279
1.0,supercritical,897,84
1.0,supercritical,651,238
1.0,supercritical,625,168
1.0,supercritical,736,163
1.0,supercritical,272,280
1.0,supercritical,248,360
1.0,supercritical,259,297
1.0,supercritical,94,399
1.0,supercritical,377,388
1.0,supercritical,316,495
1.0,supercritical,459,457
1.0,supercritical,395,103
1.0,supercritical,144,396
1.0,supercritical,737,293
1.0,supercritical,932,316
1.0,supercritical,204,401
1.0,supercritical,181,235
1.0,supercritical,565,36
1.0,supercritical,341,198
1.0,supercritical,517,293
1.0,supercritical,310,342
1.0,supercritical,395,325
1.0,supercritical,899,480
1.0,supercritical,283,487
1.0,supercritical,953,241
1.0,supercritical,217,305
1.0,supercritical,103,425
1.0,supercritical,188,194
1.0,supercritical,618,393
1.0,supercritical,687,431
1.0,supercritical,555,44
1.0,supercritical,372,355
1.0,supercritical,317,17
1.0,supercritical,264,29
1.0,supercritical,922,296
1.0,supercritical,865,260
1.0,supercritical,876,98
1.0,supercritical,615,389
1.0,supercritical,467,231
1.0,supercritical,727,278
1.0,supercritical,916,493
1.0,supercritical,680,3
1.0,supercritical,648,324
1.0,supercritical,997,155
1.0,supercritical,851,375
1.0,supercritical,204,315
1.0,supercritical,176,461
1.0,supercritical,886,488
1.0,supercritical,975,242
1.0,supercritical,782,274
1.0,supercritical,677,35
1.0,supercritical,181,325
1.0,supercritical,380,163
1.0,supercritical,955,264
1.0,supercritical,191,121
1.0,supercritical,619,52
1.0,supercritical,435,112
1.0,supercritical,494,1
1.0,supercritical,681,443
1.0,supercritical,740,371
1.0,supercritical,5,373
1.0,supercritical,214,240
1.0,supercritical,667,153
1.0,supercritical,636,2
1.0,supercritical,374,114
1.0,supercritical,882,108
1.0,supercritical,476,199
1.0,supercritical,711,454
1.0,supercritical,767,110
1.0,supercritical,327,370
1.0,supercritical,247,231
1.0,supercritical,620,90
1.0,supercritical,344,86
1.0,supercritical,629,331
1.0,supercritical,12,440
1.0,supercritical,823,374
1.0,supercritical,547,411
1.0,supercritical,529,56
1.0,supercritical,194,472
1.0,supercritical,8,25
1.0,supercritical,75,228
1.0,supercritical,702,108
1.0,supercritical,614,499
1.0,supercritical,393,149
1.0,supercritical,114,286
1.0,supercritical,820,218
1.0,supercritical,137,391
1.0,supercritical,703,296
1.0,supercritical,313,138
1.0,supercritical,384,400
1.0,supercritical,695,315
1.0,supercritical,158,259
1.0,supercritical,857,473
1.0,supercritical,138,175
1.0,supercritical,907,362
1.0,supercritical,210,433
1.0,supercritical,131,181
1.0,supercritical,404,59
1.0,supercritical,89,248
1.0,supercritical,877,496
1.0,supercritical,307,24
1.0,supercritical,102,222
1.0,supercritical,815,52
1.0,supercritical,223,280
1.0,supercritical,75,276
1.0,supercritical,167,261
1.0,supercritical,647,375
1.0,supercritical,104,48
1.0,supercritical,647,278
1.0,supercritical,846,174
1.0,supercritical,250,109
1.0,supercritical,272,206
1.0,supercritical,132,14
1.0,supercritical,747,365
1.0,supercritical,84,131
1.0,supercritical,262,370
1.0,supercritical,653,27
1.0,supercritical,553,215
1.0,supercritical,148,421
1.0,supercritical,68,411
1.0,supercritical,876,431
1.0,supercritical,366,367
1.0,supercritical,516,442
1.0,supercritical,143,134
1.0,supercritical,496,273
1.0,supercritical,847,9
1.0,supercritical,985,8
1.0,supercritical,932,427
1.0,supercritical,88,104
1.0,supercritical,562,279
1.0,supercritical,798,415
1.0,supercritical,78,145
1.0,supercritical,273,177
1.0,supercritical,770,106
1.0,supercritical,121,148
1.0,supercritical,299,34
1.0,supercritical,387,97
1.0,supercritical,55,309
1.0,supercritical,561,86
1.0,supercritical,20,360
1.0,supercritical,508,75
1.0,supercritical,121,29
1.0,supercritical,255,345
1.0,supercritical,953,204
1.0,supercritical,529,4
1.0,supercritical,727,166
1.0,supercritical,249,29
